<?xml version="1.0"?>
<doc>
    <assembly>
        <name>AcceptEmailWebServiceClient</name>
    </assembly>
    <members>
        <member name="M:AcceptEmail.WebServices.ClientLibrary.AeApi.AEServiceClient.#ctor(AcceptEmail.WebServices.ClientLibrary.Interfaces.IMessageLog)">
            <Summary>
             Constructor
            </Summary>
            <param name="log">The MessageLog that will be used for logging</param>
        </member>
        <member name="F:AcceptEmail.WebServices.ClientLibrary.AeApi.AEServiceClient.MandateProduct">
            <summary>
            Mandate Product
            </summary>
        </member>
        <member name="T:AcceptEmail.WebServices.ClientLibrary.AeApi.Product">
            <Summary>
             An AcceptEmail Product
            </Summary>
        </member>
        <member name="P:AcceptEmail.WebServices.ClientLibrary.AeApi.Product.Description">
            <Summary>
             The Product' Name
            </Summary>
        </member>
        <member name="P:AcceptEmail.WebServices.ClientLibrary.AeApi.Product.Id">
            <Summary>
             The Product's Id
            </Summary>
        </member>
        <member name="T:AcceptEmail.WebServices.ClientLibrary.Impl.Inspectors.LoggingMessageInspector">
            <summary>
            LoggingMessageInspector class.
            </summary>
        </member>
        <member name="F:AcceptEmail.WebServices.ClientLibrary.Impl.Inspectors.LoggingMessageInspector.messageLog">
            <summary>
            The MessageLog that will be use for logging
            </summary>
        </member>
        <member name="M:AcceptEmail.WebServices.ClientLibrary.Impl.Inspectors.LoggingMessageInspector.#ctor(AcceptEmail.WebServices.ClientLibrary.Interfaces.IMessageLog)">
            <summary>
            Constructor
            </summary>
            <param name="log">The MessageLog that will be use for logging</param>
        </member>
        <member name="M:AcceptEmail.WebServices.ClientLibrary.Impl.Inspectors.LoggingMessageInspector.AfterReceiveReply(System.ServiceModel.Channels.Message@,System.Object)">
            <summary>
            Enables inspection or modification of a message after a reply message is received but prior to passing it back to the client application.
            </summary>
            <param name="reply">The message to be transformed into types and handed back to the client application.</param>
            <param name="correlationState">Correlation state data.</param>
        </member>
        <member name="M:AcceptEmail.WebServices.ClientLibrary.Impl.Inspectors.LoggingMessageInspector.BeforeSendRequest(System.ServiceModel.Channels.Message@,System.ServiceModel.IClientChannel)">
            <summary>
            Enables inspection or modification of a message before a request message is sent to a service.
            </summary>
            <param name="request">The message to be sent to the service.</param>
            <param name="channel">The  client object channel.</param>
            <returns>
            The object that is returned as the <paramref name="correlationState "/>argument of the <see cref="M:System.ServiceModel.Dispatcher.IClientMessageInspector.AfterReceiveReply(System.ServiceModel.Channels.Message@,System.Object)"/> method. This is null if no correlation state is used.The best practice is to make this a <see cref="T:System.Guid"/> to ensure that no two <paramref name="correlationState"/> objects are the same.
            </returns>
        </member>
        <member name="T:AcceptEmail.WebServices.ClientLibrary.Impl.Inspectors.LoggingMessageInspectorBehaviour">
            <summary>
            LoggingMessageInspectorBehavior class.
            </summary>
        </member>
        <member name="F:AcceptEmail.WebServices.ClientLibrary.Impl.Inspectors.LoggingMessageInspectorBehaviour.messageLog">
            <summary>
            The MessageLog that will be use for logging
            </summary>
        </member>
        <member name="M:AcceptEmail.WebServices.ClientLibrary.Impl.Inspectors.LoggingMessageInspectorBehaviour.#ctor(AcceptEmail.WebServices.ClientLibrary.Interfaces.IMessageLog)">
            <summary>
            Constructor
            </summary>
            <param name="log">The MessageLog that will be use for logging</param>
        </member>
        <member name="M:AcceptEmail.WebServices.ClientLibrary.Impl.Inspectors.LoggingMessageInspectorBehaviour.AddBindingParameters(System.ServiceModel.Description.ServiceEndpoint,System.ServiceModel.Channels.BindingParameterCollection)">
            <summary>
            Implement to pass data at runtime to bindings to support custom behavior.
            </summary>
            <param name="endpoint">The endpoint to modify.</param>
            <param name="bindingParameters">The objects that binding elements require to support the behavior.</param>
        </member>
        <member name="M:AcceptEmail.WebServices.ClientLibrary.Impl.Inspectors.LoggingMessageInspectorBehaviour.ApplyClientBehavior(System.ServiceModel.Description.ServiceEndpoint,System.ServiceModel.Dispatcher.ClientRuntime)">
            <summary>
            Implements a modification or extension of the client across an endpoint.
            </summary>
            <param name="endpoint">The endpoint that is to be customized.</param>
        </member>
        <member name="M:AcceptEmail.WebServices.ClientLibrary.Impl.Inspectors.LoggingMessageInspectorBehaviour.ApplyDispatchBehavior(System.ServiceModel.Description.ServiceEndpoint,System.ServiceModel.Dispatcher.EndpointDispatcher)">
            <summary>
            Implements a modification or extension of the service across an endpoint.
            </summary>
            <param name="endpoint">The endpoint that exposes the contract.</param>
            <param name="endpointDispatcher">The endpoint dispatcher to be modified or extended.</param>
        </member>
        <member name="M:AcceptEmail.WebServices.ClientLibrary.Impl.Inspectors.LoggingMessageInspectorBehaviour.Validate(System.ServiceModel.Description.ServiceEndpoint)">
            <summary>
            Implement to confirm that the endpoint meets some intended criteria.
            </summary>
            <param name="endpoint">The endpoint to validate.</param>
        </member>
        <member name="T:AcceptEmail.WebServices.ClientLibrary.Interfaces.IMessageLog">
            <summary>
            Interface that needs to be implemented, in case a user wants to log the applications acctions
            </summary>
        </member>
        <member name="M:AcceptEmail.WebServices.ClientLibrary.Interfaces.IMessageLog.InputMessage(System.String)">
            <summary>
            Inputs the message.
            </summary>
            <param name="message">The message.</param>
        </member>
        <member name="M:AcceptEmail.WebServices.ClientLibrary.Interfaces.IMessageLog.OutputMessage(System.String)">
            <summary>
            Outpus the message.
            </summary>
            <param name="message">The message.</param>
        </member>
        <member name="M:AcceptEmail.WebServices.ClientLibrary.Interfaces.IMessageLog.Info(System.String)">
            <summary>
            Traces the specified message.
            </summary>
            <param name="message">The message.</param>
        </member>
        <member name="T:AcceptEmail.WebServices.ClientLibrary.Impl.Resources.Resources">
            <summary>
              A strongly-typed resource class, for looking up localized strings, etc.
            </summary>
        </member>
        <member name="P:AcceptEmail.WebServices.ClientLibrary.Impl.Resources.Resources.ResourceManager">
            <summary>
              Returns the cached ResourceManager instance used by this class.
            </summary>
        </member>
        <member name="P:AcceptEmail.WebServices.ClientLibrary.Impl.Resources.Resources.Culture">
            <summary>
              Overrides the current thread's CurrentUICulture property for all
              resource lookups using this strongly typed resource class.
            </summary>
        </member>
        <member name="P:AcceptEmail.WebServices.ClientLibrary.Impl.Resources.Resources.LoggingMessageInspector_AfterReceiveReply_Reply">
            <summary>
              Looks up a localized string similar to Received Message: {0}.
            </summary>
        </member>
        <member name="P:AcceptEmail.WebServices.ClientLibrary.Impl.Resources.Resources.LoggingMessageInspector_BeforeSendRequest_ParametersFormat">
            <summary>
              Looks up a localized string similar to {0} : {1}.
            </summary>
        </member>
        <member name="P:AcceptEmail.WebServices.ClientLibrary.Impl.Resources.Resources.LoggingMessageInspector_BeforeSendRequest_ParametersText">
            <summary>
              Looks up a localized string similar to Parameters:.
            </summary>
        </member>
        <member name="P:AcceptEmail.WebServices.ClientLibrary.Impl.Resources.Resources.LoggingMessageInspector_BeforeSendRequest_Request">
            <summary>
              Looks up a localized string similar to Sent Service Method: {0}.
            </summary>
        </member>
        <member name="T:AcceptEmail.WebServices.ClientLibrary.AeApi.CreateBatchRequestType">
            <remarks/>
        </member>
        <member name="P:AcceptEmail.WebServices.ClientLibrary.AeApi.CreateBatchRequestType.SenderBatchReferenceID">
            <remarks/>
        </member>
        <member name="P:AcceptEmail.WebServices.ClientLibrary.AeApi.CreateBatchRequestType.BatchValues">
            <remarks/>
        </member>
        <member name="P:AcceptEmail.WebServices.ClientLibrary.AeApi.CreateBatchRequestType.Records">
            <remarks/>
        </member>
        <member name="T:AcceptEmail.WebServices.ClientLibrary.AeApi.BatchValues">
            <remarks/>
        </member>
        <member name="P:AcceptEmail.WebServices.ClientLibrary.AeApi.BatchValues.ProductID">
            <remarks/>
        </member>
        <member name="P:AcceptEmail.WebServices.ClientLibrary.AeApi.BatchValues.AcceptEmailTemplateID">
            <remarks/>
        </member>
        <member name="T:AcceptEmail.WebServices.ClientLibrary.AeApi.MandateStatusUpdateResultUpdated">
            <remarks/>
        </member>
        <member name="T:AcceptEmail.WebServices.ClientLibrary.AeApi.MandateStatusUpdateResultFailed">
            <remarks/>
        </member>
        <member name="T:AcceptEmail.WebServices.ClientLibrary.AeApi.MandateStatusResult">
            <remarks/>
        </member>
        <member name="P:AcceptEmail.WebServices.ClientLibrary.AeApi.MandateStatusResult.Failed">
            <remarks/>
        </member>
        <member name="P:AcceptEmail.WebServices.ClientLibrary.AeApi.MandateStatusResult.Updated">
            <remarks/>
        </member>
        <member name="T:AcceptEmail.WebServices.ClientLibrary.AeApi.MandateStatusUpdate">
            <remarks/>
        </member>
        <member name="P:AcceptEmail.WebServices.ClientLibrary.AeApi.MandateStatusUpdate.RecordATID">
            <remarks/>
        </member>
        <member name="P:AcceptEmail.WebServices.ClientLibrary.AeApi.MandateStatusUpdate.StatusUpdate">
            <remarks/>
        </member>
        <member name="T:AcceptEmail.WebServices.ClientLibrary.AeApi.UpdateMandateRecordsStatusResponseType">
            <remarks/>
        </member>
        <member name="P:AcceptEmail.WebServices.ClientLibrary.AeApi.UpdateMandateRecordsStatusResponseType.Records">
            <remarks/>
        </member>
        <member name="P:AcceptEmail.WebServices.ClientLibrary.AeApi.UpdateMandateRecordsStatusResponseType.Error">
            <remarks/>
        </member>
        <member name="T:AcceptEmail.WebServices.ClientLibrary.AeApi.Error">
            <remarks/>
        </member>
        <member name="P:AcceptEmail.WebServices.ClientLibrary.AeApi.Error.Code">
            <remarks/>
        </member>
        <member name="P:AcceptEmail.WebServices.ClientLibrary.AeApi.Error.Description">
            <remarks/>
        </member>
        <member name="T:AcceptEmail.WebServices.ClientLibrary.AeApi.MandateStatusUpdateRequest">
            <remarks/>
        </member>
        <member name="P:AcceptEmail.WebServices.ClientLibrary.AeApi.MandateStatusUpdateRequest.RecordATID">
            <remarks/>
        </member>
        <member name="P:AcceptEmail.WebServices.ClientLibrary.AeApi.MandateStatusUpdateRequest.Status">
            <remarks/>
        </member>
        <member name="T:AcceptEmail.WebServices.ClientLibrary.AeApi.MandateUpdateStatusType">
            <remarks/>
        </member>
        <member name="F:AcceptEmail.WebServices.ClientLibrary.AeApi.MandateUpdateStatusType.Revoked">
            <remarks/>
        </member>
        <member name="F:AcceptEmail.WebServices.ClientLibrary.AeApi.MandateUpdateStatusType.Withdrawn">
            <remarks/>
        </member>
        <member name="T:AcceptEmail.WebServices.ClientLibrary.AeApi.BatchMandateStatusUpdateRequest">
            <remarks/>
        </member>
        <member name="P:AcceptEmail.WebServices.ClientLibrary.AeApi.BatchMandateStatusUpdateRequest.BatchID">
            <remarks/>
        </member>
        <member name="P:AcceptEmail.WebServices.ClientLibrary.AeApi.BatchMandateStatusUpdateRequest.Status">
            <remarks/>
        </member>
        <member name="T:AcceptEmail.WebServices.ClientLibrary.AeApi.UpdateMandateRecordsStatusRequestType">
            <remarks/>
        </member>
        <member name="P:AcceptEmail.WebServices.ClientLibrary.AeApi.UpdateMandateRecordsStatusRequestType.Item">
            <remarks/>
        </member>
        <member name="T:AcceptEmail.WebServices.ClientLibrary.AeApi.ConversionWaterfallReport">
            <remarks/>
        </member>
        <member name="P:AcceptEmail.WebServices.ClientLibrary.AeApi.ConversionWaterfallReport.NumberCreated">
            <remarks/>
        </member>
        <member name="P:AcceptEmail.WebServices.ClientLibrary.AeApi.ConversionWaterfallReport.AmountCreated">
            <remarks/>
        </member>
        <member name="P:AcceptEmail.WebServices.ClientLibrary.AeApi.ConversionWaterfallReport.NumberDelivered">
            <remarks/>
        </member>
        <member name="P:AcceptEmail.WebServices.ClientLibrary.AeApi.ConversionWaterfallReport.AmountDelivered">
            <remarks/>
        </member>
        <member name="P:AcceptEmail.WebServices.ClientLibrary.AeApi.ConversionWaterfallReport.NumberOpened">
            <remarks/>
        </member>
        <member name="P:AcceptEmail.WebServices.ClientLibrary.AeApi.ConversionWaterfallReport.AmountOpened">
            <remarks/>
        </member>
        <member name="P:AcceptEmail.WebServices.ClientLibrary.AeApi.ConversionWaterfallReport.NumberClicked">
            <remarks/>
        </member>
        <member name="P:AcceptEmail.WebServices.ClientLibrary.AeApi.ConversionWaterfallReport.AmountClicked">
            <remarks/>
        </member>
        <member name="P:AcceptEmail.WebServices.ClientLibrary.AeApi.ConversionWaterfallReport.NumberPaid">
            <remarks/>
        </member>
        <member name="P:AcceptEmail.WebServices.ClientLibrary.AeApi.ConversionWaterfallReport.AmountPaid">
            <remarks/>
        </member>
        <member name="T:AcceptEmail.WebServices.ClientLibrary.AeApi.GetConversionWaterfallReportResponseType">
            <remarks/>
        </member>
        <member name="P:AcceptEmail.WebServices.ClientLibrary.AeApi.GetConversionWaterfallReportResponseType.Report">
            <remarks/>
        </member>
        <member name="P:AcceptEmail.WebServices.ClientLibrary.AeApi.GetConversionWaterfallReportResponseType.Error">
            <remarks/>
        </member>
        <member name="T:AcceptEmail.WebServices.ClientLibrary.AeApi.GetConversionWaterfallReportRequestType">
            <remarks/>
        </member>
        <member name="P:AcceptEmail.WebServices.ClientLibrary.AeApi.GetConversionWaterfallReportRequestType.SenderBatchReferenceID">
            <remarks/>
        </member>
        <member name="P:AcceptEmail.WebServices.ClientLibrary.AeApi.GetConversionWaterfallReportRequestType.StartDateTime">
            <remarks/>
        </member>
        <member name="P:AcceptEmail.WebServices.ClientLibrary.AeApi.GetConversionWaterfallReportRequestType.EndDateTime">
            <remarks/>
        </member>
        <member name="T:AcceptEmail.WebServices.ClientLibrary.AeApi.GetMandateBatchRecordsResponseType">
            <remarks/>
        </member>
        <member name="P:AcceptEmail.WebServices.ClientLibrary.AeApi.GetMandateBatchRecordsResponseType.Response">
            <remarks/>
        </member>
        <member name="P:AcceptEmail.WebServices.ClientLibrary.AeApi.GetMandateBatchRecordsResponseType.Error">
            <remarks/>
        </member>
        <member name="T:AcceptEmail.WebServices.ClientLibrary.AeApi.MandateBatchResponse">
            <remarks/>
        </member>
        <member name="P:AcceptEmail.WebServices.ClientLibrary.AeApi.MandateBatchResponse.SenderBatchReferenceID">
            <remarks/>
        </member>
        <member name="P:AcceptEmail.WebServices.ClientLibrary.AeApi.MandateBatchResponse.BatchID">
            <remarks/>
        </member>
        <member name="P:AcceptEmail.WebServices.ClientLibrary.AeApi.MandateBatchResponse.Records">
            <remarks/>
        </member>
        <member name="T:AcceptEmail.WebServices.ClientLibrary.AeApi.MandateRecordResponse">
            <remarks/>
        </member>
        <member name="P:AcceptEmail.WebServices.ClientLibrary.AeApi.MandateRecordResponse.SenderRecordReferenceID">
            <remarks/>
        </member>
        <member name="P:AcceptEmail.WebServices.ClientLibrary.AeApi.MandateRecordResponse.RecordATID">
            <remarks/>
        </member>
        <member name="P:AcceptEmail.WebServices.ClientLibrary.AeApi.MandateRecordResponse.ImageURL">
            <remarks/>
        </member>
        <member name="P:AcceptEmail.WebServices.ClientLibrary.AeApi.MandateRecordResponse.ImageURL2">
            <remarks/>
        </member>
        <member name="P:AcceptEmail.WebServices.ClientLibrary.AeApi.MandateRecordResponse.TransactionURL">
            <remarks/>
        </member>
        <member name="T:AcceptEmail.WebServices.ClientLibrary.AeApi.GetMandateBatchRecordsRequestType">
            <remarks/>
        </member>
        <member name="P:AcceptEmail.WebServices.ClientLibrary.AeApi.GetMandateBatchRecordsRequestType.Item">
            <remarks/>
        </member>
        <member name="P:AcceptEmail.WebServices.ClientLibrary.AeApi.GetMandateBatchRecordsRequestType.IncludeMandateXML">
            <remarks/>
        </member>
        <member name="T:AcceptEmail.WebServices.ClientLibrary.AeApi.GetBatchRecordsResponseType">
            <remarks/>
        </member>
        <member name="P:AcceptEmail.WebServices.ClientLibrary.AeApi.GetBatchRecordsResponseType.Response">
            <remarks/>
        </member>
        <member name="P:AcceptEmail.WebServices.ClientLibrary.AeApi.GetBatchRecordsResponseType.Error">
            <remarks/>
        </member>
        <member name="T:AcceptEmail.WebServices.ClientLibrary.AeApi.BatchResponse">
            <remarks/>
        </member>
        <member name="P:AcceptEmail.WebServices.ClientLibrary.AeApi.BatchResponse.SenderBatchReferenceID">
            <remarks/>
        </member>
        <member name="P:AcceptEmail.WebServices.ClientLibrary.AeApi.BatchResponse.BatchID">
            <remarks/>
        </member>
        <member name="P:AcceptEmail.WebServices.ClientLibrary.AeApi.BatchResponse.Records">
            <remarks/>
        </member>
        <member name="T:AcceptEmail.WebServices.ClientLibrary.AeApi.RecordResponse">
            <remarks/>
        </member>
        <member name="P:AcceptEmail.WebServices.ClientLibrary.AeApi.RecordResponse.SenderRecordReferenceID">
            <remarks/>
        </member>
        <member name="P:AcceptEmail.WebServices.ClientLibrary.AeApi.RecordResponse.RecordATID">
            <remarks/>
        </member>
        <member name="P:AcceptEmail.WebServices.ClientLibrary.AeApi.RecordResponse.ImageURL">
            <remarks/>
        </member>
        <member name="P:AcceptEmail.WebServices.ClientLibrary.AeApi.RecordResponse.TransactionURL">
            <remarks/>
        </member>
        <member name="T:AcceptEmail.WebServices.ClientLibrary.AeApi.GetBatchRecordsRequestType">
            <remarks/>
        </member>
        <member name="P:AcceptEmail.WebServices.ClientLibrary.AeApi.GetBatchRecordsRequestType.Item">
            <remarks/>
        </member>
        <member name="T:AcceptEmail.WebServices.ClientLibrary.AeApi.EmailTemplatePreview">
            <remarks/>
        </member>
        <member name="P:AcceptEmail.WebServices.ClientLibrary.AeApi.EmailTemplatePreview.EmailTemplateID">
            <remarks/>
        </member>
        <member name="P:AcceptEmail.WebServices.ClientLibrary.AeApi.EmailTemplatePreview.BodyHtml">
            <remarks/>
        </member>
        <member name="P:AcceptEmail.WebServices.ClientLibrary.AeApi.EmailTemplatePreview.BodyText">
            <remarks/>
        </member>
        <member name="T:AcceptEmail.WebServices.ClientLibrary.AeApi.GetEmailTemplatePreviewResponseType">
            <remarks/>
        </member>
        <member name="P:AcceptEmail.WebServices.ClientLibrary.AeApi.GetEmailTemplatePreviewResponseType.Response">
            <remarks/>
        </member>
        <member name="P:AcceptEmail.WebServices.ClientLibrary.AeApi.GetEmailTemplatePreviewResponseType.Error">
            <remarks/>
        </member>
        <member name="T:AcceptEmail.WebServices.ClientLibrary.AeApi.GetEmailTemplatePreviewRequestType">
            <remarks/>
        </member>
        <member name="P:AcceptEmail.WebServices.ClientLibrary.AeApi.GetEmailTemplatePreviewRequestType.EmailTemplateID">
            <remarks/>
        </member>
        <member name="P:AcceptEmail.WebServices.ClientLibrary.AeApi.GetEmailTemplatePreviewRequestType.BatchID">
            <remarks/>
        </member>
        <member name="P:AcceptEmail.WebServices.ClientLibrary.AeApi.GetEmailTemplatePreviewRequestType.BatchName">
            <remarks/>
        </member>
        <member name="P:AcceptEmail.WebServices.ClientLibrary.AeApi.GetEmailTemplatePreviewRequestType.ATID">
            <remarks/>
        </member>
        <member name="T:AcceptEmail.WebServices.ClientLibrary.AeApi.MailingStatus">
            <remarks/>
        </member>
        <member name="P:AcceptEmail.WebServices.ClientLibrary.AeApi.MailingStatus.MailingID">
            <remarks/>
        </member>
        <member name="P:AcceptEmail.WebServices.ClientLibrary.AeApi.MailingStatus.MailingStatusID">
            <remarks/>
        </member>
        <member name="P:AcceptEmail.WebServices.ClientLibrary.AeApi.MailingStatus.LastChangeDateTime">
            <remarks/>
        </member>
        <member name="P:AcceptEmail.WebServices.ClientLibrary.AeApi.MailingStatus.NumberOfRecords">
            <remarks/>
        </member>
        <member name="P:AcceptEmail.WebServices.ClientLibrary.AeApi.MailingStatus.NumberOfBounces">
            <remarks/>
        </member>
        <member name="P:AcceptEmail.WebServices.ClientLibrary.AeApi.MailingStatus.NumberOfUniqueHardBounces">
            <remarks/>
        </member>
        <member name="T:AcceptEmail.WebServices.ClientLibrary.AeApi.GetMailingStatusResponseType">
            <remarks/>
        </member>
        <member name="P:AcceptEmail.WebServices.ClientLibrary.AeApi.GetMailingStatusResponseType.Response">
            <remarks/>
        </member>
        <member name="P:AcceptEmail.WebServices.ClientLibrary.AeApi.GetMailingStatusResponseType.Error">
            <remarks/>
        </member>
        <member name="T:AcceptEmail.WebServices.ClientLibrary.AeApi.GetMailingStatusRequestType">
            <remarks/>
        </member>
        <member name="P:AcceptEmail.WebServices.ClientLibrary.AeApi.GetMailingStatusRequestType.MailingID">
            <remarks/>
        </member>
        <member name="T:AcceptEmail.WebServices.ClientLibrary.AeApi.RecordDetails">
            <remarks/>
        </member>
        <member name="P:AcceptEmail.WebServices.ClientLibrary.AeApi.RecordDetails.SenderRecordReferenceID">
            <remarks/>
        </member>
        <member name="P:AcceptEmail.WebServices.ClientLibrary.AeApi.RecordDetails.PaymentReference">
            <remarks/>
        </member>
        <member name="P:AcceptEmail.WebServices.ClientLibrary.AeApi.RecordDetails.EmailAddress">
            <remarks/>
        </member>
        <member name="P:AcceptEmail.WebServices.ClientLibrary.AeApi.RecordDetails.PhoneNumber">
            <remarks/>
        </member>
        <member name="P:AcceptEmail.WebServices.ClientLibrary.AeApi.RecordDetails.Description">
            <remarks/>
        </member>
        <member name="P:AcceptEmail.WebServices.ClientLibrary.AeApi.RecordDetails.Amount">
            <remarks/>
        </member>
        <member name="P:AcceptEmail.WebServices.ClientLibrary.AeApi.RecordDetails.Currency">
            <remarks/>
        </member>
        <member name="P:AcceptEmail.WebServices.ClientLibrary.AeApi.RecordDetails.DateTime">
            <remarks/>
        </member>
        <member name="P:AcceptEmail.WebServices.ClientLibrary.AeApi.RecordDetails.StatusID">
            <remarks/>
        </member>
        <member name="P:AcceptEmail.WebServices.ClientLibrary.AeApi.RecordDetails.LastChangeDateTime">
            <remarks/>
        </member>
        <member name="P:AcceptEmail.WebServices.ClientLibrary.AeApi.RecordDetails.EmailData">
            <remarks/>
        </member>
        <member name="P:AcceptEmail.WebServices.ClientLibrary.AeApi.RecordDetails.ReturnBannerPaidURL">
            <remarks/>
        </member>
        <member name="P:AcceptEmail.WebServices.ClientLibrary.AeApi.RecordDetails.ReturnBannerOpenURL">
            <remarks/>
        </member>
        <member name="T:AcceptEmail.WebServices.ClientLibrary.AeApi.Amount">
            <remarks/>
        </member>
        <member name="P:AcceptEmail.WebServices.ClientLibrary.AeApi.Amount.Value">
            <remarks/>
        </member>
        <member name="P:AcceptEmail.WebServices.ClientLibrary.AeApi.Amount.SchemeID">
            <remarks/>
        </member>
        <member name="T:AcceptEmail.WebServices.ClientLibrary.AeApi.KeyValuePair">
            <remarks/>
        </member>
        <member name="P:AcceptEmail.WebServices.ClientLibrary.AeApi.KeyValuePair.Key">
            <remarks/>
        </member>
        <member name="P:AcceptEmail.WebServices.ClientLibrary.AeApi.KeyValuePair.Value">
            <remarks/>
        </member>
        <member name="T:AcceptEmail.WebServices.ClientLibrary.AeApi.GetRecordDetailsResponseType">
            <remarks/>
        </member>
        <member name="P:AcceptEmail.WebServices.ClientLibrary.AeApi.GetRecordDetailsResponseType.Record">
            <remarks/>
        </member>
        <member name="P:AcceptEmail.WebServices.ClientLibrary.AeApi.GetRecordDetailsResponseType.Error">
            <remarks/>
        </member>
        <member name="T:AcceptEmail.WebServices.ClientLibrary.AeApi.GetRecordDetailsRequestType">
            <remarks/>
        </member>
        <member name="P:AcceptEmail.WebServices.ClientLibrary.AeApi.GetRecordDetailsRequestType.RecordATID">
            <remarks/>
        </member>
        <member name="T:AcceptEmail.WebServices.ClientLibrary.AeApi.RemoveUnsubscribedAddressesResponseType">
            <remarks/>
        </member>
        <member name="P:AcceptEmail.WebServices.ClientLibrary.AeApi.RemoveUnsubscribedAddressesResponseType.Count">
            <remarks/>
        </member>
        <member name="P:AcceptEmail.WebServices.ClientLibrary.AeApi.RemoveUnsubscribedAddressesResponseType.Error">
            <remarks/>
        </member>
        <member name="T:AcceptEmail.WebServices.ClientLibrary.AeApi.RemoveUnsubscribedAddressesRequestType">
            <remarks/>
        </member>
        <member name="P:AcceptEmail.WebServices.ClientLibrary.AeApi.RemoveUnsubscribedAddressesRequestType.EmailAddresses">
            <remarks/>
        </member>
        <member name="T:AcceptEmail.WebServices.ClientLibrary.AeApi.UpdateDeliveryReportResponseType">
            <remarks/>
        </member>
        <member name="P:AcceptEmail.WebServices.ClientLibrary.AeApi.UpdateDeliveryReportResponseType.Count">
            <remarks/>
        </member>
        <member name="P:AcceptEmail.WebServices.ClientLibrary.AeApi.UpdateDeliveryReportResponseType.Error">
            <remarks/>
        </member>
        <member name="T:AcceptEmail.WebServices.ClientLibrary.AeApi.UpdateDeliveryReportRequestRecord">
            <remarks/>
        </member>
        <member name="P:AcceptEmail.WebServices.ClientLibrary.AeApi.UpdateDeliveryReportRequestRecord.EmailAddress">
            <remarks/>
        </member>
        <member name="P:AcceptEmail.WebServices.ClientLibrary.AeApi.UpdateDeliveryReportRequestRecord.RecordATID">
            <remarks/>
        </member>
        <member name="P:AcceptEmail.WebServices.ClientLibrary.AeApi.UpdateDeliveryReportRequestRecord.DateReceived">
            <remarks/>
        </member>
        <member name="P:AcceptEmail.WebServices.ClientLibrary.AeApi.UpdateDeliveryReportRequestRecord.StatusCode">
            <remarks/>
        </member>
        <member name="P:AcceptEmail.WebServices.ClientLibrary.AeApi.UpdateDeliveryReportRequestRecord.Message">
            <remarks/>
        </member>
        <member name="T:AcceptEmail.WebServices.ClientLibrary.AeApi.UpdateDeliveryReportRequestType">
            <remarks/>
        </member>
        <member name="P:AcceptEmail.WebServices.ClientLibrary.AeApi.UpdateDeliveryReportRequestType.Records">
            <remarks/>
        </member>
        <member name="T:AcceptEmail.WebServices.ClientLibrary.AeApi.FinancialReportResponseRecord">
            <remarks/>
        </member>
        <member name="P:AcceptEmail.WebServices.ClientLibrary.AeApi.FinancialReportResponseRecord.SenderBatchReferenceID">
            <remarks/>
        </member>
        <member name="P:AcceptEmail.WebServices.ClientLibrary.AeApi.FinancialReportResponseRecord.BatchID">
            <remarks/>
        </member>
        <member name="P:AcceptEmail.WebServices.ClientLibrary.AeApi.FinancialReportResponseRecord.SenderRecordReferenceID">
            <remarks/>
        </member>
        <member name="P:AcceptEmail.WebServices.ClientLibrary.AeApi.FinancialReportResponseRecord.RecordATID">
            <remarks/>
        </member>
        <member name="P:AcceptEmail.WebServices.ClientLibrary.AeApi.FinancialReportResponseRecord.Amount">
            <remarks/>
        </member>
        <member name="P:AcceptEmail.WebServices.ClientLibrary.AeApi.FinancialReportResponseRecord.TransactionID">
            <remarks/>
        </member>
        <member name="P:AcceptEmail.WebServices.ClientLibrary.AeApi.FinancialReportResponseRecord.TransactionDateTime">
            <remarks/>
        </member>
        <member name="P:AcceptEmail.WebServices.ClientLibrary.AeApi.FinancialReportResponseRecord.PaymentReference">
            <remarks/>
        </member>
        <member name="P:AcceptEmail.WebServices.ClientLibrary.AeApi.FinancialReportResponseRecord.ConsumerAccountNumber">
            <remarks/>
        </member>
        <member name="P:AcceptEmail.WebServices.ClientLibrary.AeApi.FinancialReportResponseRecord.ConsumerName">
            <remarks/>
        </member>
        <member name="P:AcceptEmail.WebServices.ClientLibrary.AeApi.FinancialReportResponseRecord.ConsumerCity">
            <remarks/>
        </member>
        <member name="P:AcceptEmail.WebServices.ClientLibrary.AeApi.FinancialReportResponseRecord.ConsumerBIC">
            <remarks/>
        </member>
        <member name="T:AcceptEmail.WebServices.ClientLibrary.AeApi.GetFinancialReportResponseType">
            <remarks/>
        </member>
        <member name="P:AcceptEmail.WebServices.ClientLibrary.AeApi.GetFinancialReportResponseType.Records">
            <remarks/>
        </member>
        <member name="P:AcceptEmail.WebServices.ClientLibrary.AeApi.GetFinancialReportResponseType.Error">
            <remarks/>
        </member>
        <member name="T:AcceptEmail.WebServices.ClientLibrary.AeApi.GetFinancialReportRequestType">
            <remarks/>
        </member>
        <member name="P:AcceptEmail.WebServices.ClientLibrary.AeApi.GetFinancialReportRequestType.StartDateTime">
            <remarks/>
        </member>
        <member name="P:AcceptEmail.WebServices.ClientLibrary.AeApi.GetFinancialReportRequestType.EndDateTime">
            <remarks/>
        </member>
        <member name="T:AcceptEmail.WebServices.ClientLibrary.AeApi.DeliveryReportResponseRecord">
            <remarks/>
        </member>
        <member name="P:AcceptEmail.WebServices.ClientLibrary.AeApi.DeliveryReportResponseRecord.EmailAddress">
            <remarks/>
        </member>
        <member name="P:AcceptEmail.WebServices.ClientLibrary.AeApi.DeliveryReportResponseRecord.SenderBatchReferenceID">
            <remarks/>
        </member>
        <member name="P:AcceptEmail.WebServices.ClientLibrary.AeApi.DeliveryReportResponseRecord.BatchID">
            <remarks/>
        </member>
        <member name="P:AcceptEmail.WebServices.ClientLibrary.AeApi.DeliveryReportResponseRecord.SenderRecordReferenceID">
            <remarks/>
        </member>
        <member name="P:AcceptEmail.WebServices.ClientLibrary.AeApi.DeliveryReportResponseRecord.RecordATID">
            <remarks/>
        </member>
        <member name="P:AcceptEmail.WebServices.ClientLibrary.AeApi.DeliveryReportResponseRecord.MailingID">
            <remarks/>
        </member>
        <member name="P:AcceptEmail.WebServices.ClientLibrary.AeApi.DeliveryReportResponseRecord.DateReceived">
            <remarks/>
        </member>
        <member name="P:AcceptEmail.WebServices.ClientLibrary.AeApi.DeliveryReportResponseRecord.StatusCode">
            <remarks/>
        </member>
        <member name="P:AcceptEmail.WebServices.ClientLibrary.AeApi.DeliveryReportResponseRecord.Message">
            <remarks/>
        </member>
        <member name="T:AcceptEmail.WebServices.ClientLibrary.AeApi.GetDeliveryReportResponseType">
            <remarks/>
        </member>
        <member name="P:AcceptEmail.WebServices.ClientLibrary.AeApi.GetDeliveryReportResponseType.Records">
            <remarks/>
        </member>
        <member name="P:AcceptEmail.WebServices.ClientLibrary.AeApi.GetDeliveryReportResponseType.Error">
            <remarks/>
        </member>
        <member name="T:AcceptEmail.WebServices.ClientLibrary.AeApi.GetDeliveryReportRequestType">
            <remarks/>
        </member>
        <member name="P:AcceptEmail.WebServices.ClientLibrary.AeApi.GetDeliveryReportRequestType.StartDateTime">
            <remarks/>
        </member>
        <member name="P:AcceptEmail.WebServices.ClientLibrary.AeApi.GetDeliveryReportRequestType.EndDateTime">
            <remarks/>
        </member>
        <member name="P:AcceptEmail.WebServices.ClientLibrary.AeApi.GetDeliveryReportRequestType.SenderBatchReferenceID">
            <remarks/>
        </member>
        <member name="P:AcceptEmail.WebServices.ClientLibrary.AeApi.GetDeliveryReportRequestType.MailingID">
            <remarks/>
        </member>
        <member name="P:AcceptEmail.WebServices.ClientLibrary.AeApi.GetDeliveryReportRequestType.ReturnPositiveDeliveries">
            <remarks/>
        </member>
        <member name="T:AcceptEmail.WebServices.ClientLibrary.AeApi.AcceptEmailTemplate">
            <remarks/>
        </member>
        <member name="P:AcceptEmail.WebServices.ClientLibrary.AeApi.AcceptEmailTemplate.AcceptEmailTemplateID">
            <remarks/>
        </member>
        <member name="P:AcceptEmail.WebServices.ClientLibrary.AeApi.AcceptEmailTemplate.AcceptEmailTemplateName">
            <remarks/>
        </member>
        <member name="T:AcceptEmail.WebServices.ClientLibrary.AeApi.GetAcceptEmailTemplatesResponseType">
            <remarks/>
        </member>
        <member name="P:AcceptEmail.WebServices.ClientLibrary.AeApi.GetAcceptEmailTemplatesResponseType.AcceptEmailTemplates">
            <remarks/>
        </member>
        <member name="P:AcceptEmail.WebServices.ClientLibrary.AeApi.GetAcceptEmailTemplatesResponseType.Error">
            <remarks/>
        </member>
        <member name="T:AcceptEmail.WebServices.ClientLibrary.AeApi.GetAcceptEmailTemplatesRequestType">
            <remarks/>
        </member>
        <member name="P:AcceptEmail.WebServices.ClientLibrary.AeApi.GetAcceptEmailTemplatesRequestType.ProductID">
            <remarks/>
        </member>
        <member name="T:AcceptEmail.WebServices.ClientLibrary.AeApi.RecordStatusUpdateResultUpdated">
            <remarks/>
        </member>
        <member name="T:AcceptEmail.WebServices.ClientLibrary.AeApi.RecordStatusUpdateResultFailed">
            <remarks/>
        </member>
        <member name="T:AcceptEmail.WebServices.ClientLibrary.AeApi.RecordStatusUpdateResult">
            <remarks/>
        </member>
        <member name="P:AcceptEmail.WebServices.ClientLibrary.AeApi.RecordStatusUpdateResult.Failed">
            <remarks/>
        </member>
        <member name="P:AcceptEmail.WebServices.ClientLibrary.AeApi.RecordStatusUpdateResult.Updated">
            <remarks/>
        </member>
        <member name="T:AcceptEmail.WebServices.ClientLibrary.AeApi.RecordStatusUpdate">
            <remarks/>
        </member>
        <member name="P:AcceptEmail.WebServices.ClientLibrary.AeApi.RecordStatusUpdate.RecordATID">
            <remarks/>
        </member>
        <member name="P:AcceptEmail.WebServices.ClientLibrary.AeApi.RecordStatusUpdate.StatusUpdate">
            <remarks/>
        </member>
        <member name="T:AcceptEmail.WebServices.ClientLibrary.AeApi.UpdateRecordsStatusResponseType">
            <remarks/>
        </member>
        <member name="P:AcceptEmail.WebServices.ClientLibrary.AeApi.UpdateRecordsStatusResponseType.Records">
            <remarks/>
        </member>
        <member name="P:AcceptEmail.WebServices.ClientLibrary.AeApi.UpdateRecordsStatusResponseType.Error">
            <remarks/>
        </member>
        <member name="T:AcceptEmail.WebServices.ClientLibrary.AeApi.RecordStatusUpdateRequest">
            <remarks/>
        </member>
        <member name="P:AcceptEmail.WebServices.ClientLibrary.AeApi.RecordStatusUpdateRequest.RecordATID">
            <remarks/>
        </member>
        <member name="P:AcceptEmail.WebServices.ClientLibrary.AeApi.RecordStatusUpdateRequest.StatusID">
            <remarks/>
        </member>
        <member name="T:AcceptEmail.WebServices.ClientLibrary.AeApi.BatchStatusUpdateRequest">
            <remarks/>
        </member>
        <member name="P:AcceptEmail.WebServices.ClientLibrary.AeApi.BatchStatusUpdateRequest.BatchID">
            <remarks/>
        </member>
        <member name="P:AcceptEmail.WebServices.ClientLibrary.AeApi.BatchStatusUpdateRequest.StatusID">
            <remarks/>
        </member>
        <member name="T:AcceptEmail.WebServices.ClientLibrary.AeApi.UpdateRecordsStatusRequestType">
            <remarks/>
        </member>
        <member name="P:AcceptEmail.WebServices.ClientLibrary.AeApi.UpdateRecordsStatusRequestType.Item">
            <remarks/>
        </member>
        <member name="T:AcceptEmail.WebServices.ClientLibrary.AeApi.RecordStatistics">
            <remarks/>
        </member>
        <member name="P:AcceptEmail.WebServices.ClientLibrary.AeApi.RecordStatistics.LastChangeDateTime">
            <remarks/>
        </member>
        <member name="P:AcceptEmail.WebServices.ClientLibrary.AeApi.RecordStatistics.LastViewDateTime">
            <remarks/>
        </member>
        <member name="P:AcceptEmail.WebServices.ClientLibrary.AeApi.RecordStatistics.LastClickDateTime">
            <remarks/>
        </member>
        <member name="P:AcceptEmail.WebServices.ClientLibrary.AeApi.RecordStatistics.NumberOfViews">
            <remarks/>
        </member>
        <member name="P:AcceptEmail.WebServices.ClientLibrary.AeApi.RecordStatistics.NumberOfClicks">
            <remarks/>
        </member>
        <member name="P:AcceptEmail.WebServices.ClientLibrary.AeApi.RecordStatistics.SenderRecordReferenceID">
            <remarks/>
        </member>
        <member name="P:AcceptEmail.WebServices.ClientLibrary.AeApi.RecordStatistics.PaymentReference">
            <remarks/>
        </member>
        <member name="P:AcceptEmail.WebServices.ClientLibrary.AeApi.RecordStatistics.EmailAddress">
            <remarks/>
        </member>
        <member name="P:AcceptEmail.WebServices.ClientLibrary.AeApi.RecordStatistics.Attempts">
            <remarks/>
        </member>
        <member name="P:AcceptEmail.WebServices.ClientLibrary.AeApi.RecordStatistics.SenderBatchReferenceID">
            <remarks/>
        </member>
        <member name="P:AcceptEmail.WebServices.ClientLibrary.AeApi.RecordStatistics.BatchId">
            <remarks/>
        </member>
        <member name="P:AcceptEmail.WebServices.ClientLibrary.AeApi.RecordStatistics.CreateDate">
            <remarks/>
        </member>
        <member name="P:AcceptEmail.WebServices.ClientLibrary.AeApi.RecordStatistics.Amount">
            <remarks/>
        </member>
        <member name="P:AcceptEmail.WebServices.ClientLibrary.AeApi.RecordStatistics.TransactionID">
            <remarks/>
        </member>
        <member name="P:AcceptEmail.WebServices.ClientLibrary.AeApi.RecordStatistics.TransactionDateTime">
            <remarks/>
        </member>
        <member name="P:AcceptEmail.WebServices.ClientLibrary.AeApi.RecordStatistics.PhoneNumber">
            <remarks/>
        </member>
        <member name="P:AcceptEmail.WebServices.ClientLibrary.AeApi.RecordStatistics.ExpirationDateTime">
            <remarks/>
        </member>
        <member name="P:AcceptEmail.WebServices.ClientLibrary.AeApi.RecordStatistics.Snoozes">
            <remarks/>
        </member>
        <member name="T:AcceptEmail.WebServices.ClientLibrary.AeApi.RecordStatus">
            <remarks/>
        </member>
        <member name="P:AcceptEmail.WebServices.ClientLibrary.AeApi.RecordStatus.RecordATID">
            <remarks/>
        </member>
        <member name="P:AcceptEmail.WebServices.ClientLibrary.AeApi.RecordStatus.StatusID">
            <remarks/>
        </member>
        <member name="P:AcceptEmail.WebServices.ClientLibrary.AeApi.RecordStatus.Details">
            <remarks/>
        </member>
        <member name="T:AcceptEmail.WebServices.ClientLibrary.AeApi.GetRecordsStatusResponseType">
            <remarks/>
        </member>
        <member name="P:AcceptEmail.WebServices.ClientLibrary.AeApi.GetRecordsStatusResponseType.Records">
            <remarks/>
        </member>
        <member name="P:AcceptEmail.WebServices.ClientLibrary.AeApi.GetRecordsStatusResponseType.Error">
            <remarks/>
        </member>
        <member name="T:AcceptEmail.WebServices.ClientLibrary.AeApi.PagedDateTimeIntervalFilter">
            <remarks/>
        </member>
        <member name="P:AcceptEmail.WebServices.ClientLibrary.AeApi.PagedDateTimeIntervalFilter.StartDate">
            <remarks/>
        </member>
        <member name="P:AcceptEmail.WebServices.ClientLibrary.AeApi.PagedDateTimeIntervalFilter.StartDateSpecified">
            <remarks/>
        </member>
        <member name="P:AcceptEmail.WebServices.ClientLibrary.AeApi.PagedDateTimeIntervalFilter.EndDate">
            <remarks/>
        </member>
        <member name="P:AcceptEmail.WebServices.ClientLibrary.AeApi.PagedDateTimeIntervalFilter.EndDateSpecified">
            <remarks/>
        </member>
        <member name="P:AcceptEmail.WebServices.ClientLibrary.AeApi.PagedDateTimeIntervalFilter.Take">
            <remarks/>
        </member>
        <member name="P:AcceptEmail.WebServices.ClientLibrary.AeApi.PagedDateTimeIntervalFilter.TakeSpecified">
            <remarks/>
        </member>
        <member name="P:AcceptEmail.WebServices.ClientLibrary.AeApi.PagedDateTimeIntervalFilter.Skip">
            <remarks/>
        </member>
        <member name="P:AcceptEmail.WebServices.ClientLibrary.AeApi.PagedDateTimeIntervalFilter.SkipSpecified">
            <remarks/>
        </member>
        <member name="T:AcceptEmail.WebServices.ClientLibrary.AeApi.GetRecordsStatusRequestType">
            <remarks/>
        </member>
        <member name="P:AcceptEmail.WebServices.ClientLibrary.AeApi.GetRecordsStatusRequestType.Item">
            <remarks/>
        </member>
        <member name="P:AcceptEmail.WebServices.ClientLibrary.AeApi.GetRecordsStatusRequestType.ItemElementName">
            <remarks/>
        </member>
        <member name="P:AcceptEmail.WebServices.ClientLibrary.AeApi.GetRecordsStatusRequestType.ReturnDetails">
            <remarks/>
        </member>
        <member name="T:AcceptEmail.WebServices.ClientLibrary.AeApi.ItemChoiceType">
            <remarks/>
        </member>
        <member name="F:AcceptEmail.WebServices.ClientLibrary.AeApi.ItemChoiceType.BatchID">
            <remarks/>
        </member>
        <member name="F:AcceptEmail.WebServices.ClientLibrary.AeApi.ItemChoiceType.EmailAddress">
            <remarks/>
        </member>
        <member name="F:AcceptEmail.WebServices.ClientLibrary.AeApi.ItemChoiceType.PagedCreationInterval">
            <remarks/>
        </member>
        <member name="F:AcceptEmail.WebServices.ClientLibrary.AeApi.ItemChoiceType.PagedExpirationInterval">
            <remarks/>
        </member>
        <member name="F:AcceptEmail.WebServices.ClientLibrary.AeApi.ItemChoiceType.PaymentReference">
            <remarks/>
        </member>
        <member name="F:AcceptEmail.WebServices.ClientLibrary.AeApi.ItemChoiceType.RecordATIDs">
            <remarks/>
        </member>
        <member name="F:AcceptEmail.WebServices.ClientLibrary.AeApi.ItemChoiceType.SenderRecordReferenceID">
            <remarks/>
        </member>
        <member name="T:AcceptEmail.WebServices.ClientLibrary.AeApi.CreateRecordResponseType">
            <remarks/>
        </member>
        <member name="P:AcceptEmail.WebServices.ClientLibrary.AeApi.CreateRecordResponseType.Success">
            <remarks/>
        </member>
        <member name="P:AcceptEmail.WebServices.ClientLibrary.AeApi.CreateRecordResponseType.Response">
            <remarks/>
        </member>
        <member name="P:AcceptEmail.WebServices.ClientLibrary.AeApi.CreateRecordResponseType.Error">
            <remarks/>
        </member>
        <member name="T:AcceptEmail.WebServices.ClientLibrary.AeApi.CreateRecordRequestType">
            <remarks/>
        </member>
        <member name="P:AcceptEmail.WebServices.ClientLibrary.AeApi.CreateRecordRequestType.ProductID">
            <remarks/>
        </member>
        <member name="P:AcceptEmail.WebServices.ClientLibrary.AeApi.CreateRecordRequestType.AcceptEmailTemplateID">
            <remarks/>
        </member>
        <member name="P:AcceptEmail.WebServices.ClientLibrary.AeApi.CreateRecordRequestType.EmailTemplateID">
            <remarks/>
        </member>
        <member name="P:AcceptEmail.WebServices.ClientLibrary.AeApi.CreateRecordRequestType.SenderRecordReferenceID">
            <remarks/>
        </member>
        <member name="P:AcceptEmail.WebServices.ClientLibrary.AeApi.CreateRecordRequestType.PaymentReference">
            <remarks/>
        </member>
        <member name="P:AcceptEmail.WebServices.ClientLibrary.AeApi.CreateRecordRequestType.EmailAddress">
            <remarks/>
        </member>
        <member name="P:AcceptEmail.WebServices.ClientLibrary.AeApi.CreateRecordRequestType.PhoneNumber">
            <remarks/>
        </member>
        <member name="P:AcceptEmail.WebServices.ClientLibrary.AeApi.CreateRecordRequestType.Description">
            <remarks/>
        </member>
        <member name="P:AcceptEmail.WebServices.ClientLibrary.AeApi.CreateRecordRequestType.Amount">
            <remarks/>
        </member>
        <member name="P:AcceptEmail.WebServices.ClientLibrary.AeApi.CreateRecordRequestType.Currency">
            <remarks/>
        </member>
        <member name="P:AcceptEmail.WebServices.ClientLibrary.AeApi.CreateRecordRequestType.DateTime">
            <remarks/>
        </member>
        <member name="P:AcceptEmail.WebServices.ClientLibrary.AeApi.CreateRecordRequestType.CountdownDays">
            <remarks/>
        </member>
        <member name="P:AcceptEmail.WebServices.ClientLibrary.AeApi.CreateRecordRequestType.TestMail">
            <remarks/>
        </member>
        <member name="P:AcceptEmail.WebServices.ClientLibrary.AeApi.CreateRecordRequestType.EmailData">
            <remarks/>
        </member>
        <member name="P:AcceptEmail.WebServices.ClientLibrary.AeApi.CreateRecordRequestType.ReturnBannerPaidURL">
            <remarks/>
        </member>
        <member name="P:AcceptEmail.WebServices.ClientLibrary.AeApi.CreateRecordRequestType.ReturnBannerOpenURL">
            <remarks/>
        </member>
        <member name="T:AcceptEmail.WebServices.ClientLibrary.AeApi.UnsubscribedAddressRecord">
            <remarks/>
        </member>
        <member name="P:AcceptEmail.WebServices.ClientLibrary.AeApi.UnsubscribedAddressRecord.EmailAddress">
            <remarks/>
        </member>
        <member name="P:AcceptEmail.WebServices.ClientLibrary.AeApi.UnsubscribedAddressRecord.SenderBatchReferenceID">
            <remarks/>
        </member>
        <member name="P:AcceptEmail.WebServices.ClientLibrary.AeApi.UnsubscribedAddressRecord.BatchID">
            <remarks/>
        </member>
        <member name="P:AcceptEmail.WebServices.ClientLibrary.AeApi.UnsubscribedAddressRecord.SenderRecordReferenceID">
            <remarks/>
        </member>
        <member name="P:AcceptEmail.WebServices.ClientLibrary.AeApi.UnsubscribedAddressRecord.RecordATID">
            <remarks/>
        </member>
        <member name="P:AcceptEmail.WebServices.ClientLibrary.AeApi.UnsubscribedAddressRecord.MailingID">
            <remarks/>
        </member>
        <member name="P:AcceptEmail.WebServices.ClientLibrary.AeApi.UnsubscribedAddressRecord.DateReceived">
            <remarks/>
        </member>
        <member name="T:AcceptEmail.WebServices.ClientLibrary.AeApi.GetUnsubscribedAddressesResponseType">
            <remarks/>
        </member>
        <member name="P:AcceptEmail.WebServices.ClientLibrary.AeApi.GetUnsubscribedAddressesResponseType.Records">
            <remarks/>
        </member>
        <member name="P:AcceptEmail.WebServices.ClientLibrary.AeApi.GetUnsubscribedAddressesResponseType.Error">
            <remarks/>
        </member>
        <member name="T:AcceptEmail.WebServices.ClientLibrary.AeApi.GetUnsubscribedAddressesRequestType">
            <remarks/>
        </member>
        <member name="P:AcceptEmail.WebServices.ClientLibrary.AeApi.GetUnsubscribedAddressesRequestType.StartDateTime">
            <remarks/>
        </member>
        <member name="P:AcceptEmail.WebServices.ClientLibrary.AeApi.GetUnsubscribedAddressesRequestType.EndDateTime">
            <remarks/>
        </member>
        <member name="T:AcceptEmail.WebServices.ClientLibrary.AeApi.EmailTemplate">
            <remarks/>
        </member>
        <member name="P:AcceptEmail.WebServices.ClientLibrary.AeApi.EmailTemplate.ID">
            <remarks/>
        </member>
        <member name="P:AcceptEmail.WebServices.ClientLibrary.AeApi.EmailTemplate.Name">
            <remarks/>
        </member>
        <member name="T:AcceptEmail.WebServices.ClientLibrary.AeApi.GetEmailTemplatesResponseType">
            <remarks/>
        </member>
        <member name="P:AcceptEmail.WebServices.ClientLibrary.AeApi.GetEmailTemplatesResponseType.EmailTemplates">
            <remarks/>
        </member>
        <member name="P:AcceptEmail.WebServices.ClientLibrary.AeApi.GetEmailTemplatesResponseType.Error">
            <remarks/>
        </member>
        <member name="T:AcceptEmail.WebServices.ClientLibrary.AeApi.SendBatchResponseType">
            <remarks/>
        </member>
        <member name="P:AcceptEmail.WebServices.ClientLibrary.AeApi.SendBatchResponseType.Success">
            <remarks/>
        </member>
        <member name="P:AcceptEmail.WebServices.ClientLibrary.AeApi.SendBatchResponseType.MailingID">
            <remarks/>
        </member>
        <member name="P:AcceptEmail.WebServices.ClientLibrary.AeApi.SendBatchResponseType.Error">
            <remarks/>
        </member>
        <member name="T:AcceptEmail.WebServices.ClientLibrary.AeApi.SendBatchRequestType">
            <remarks/>
        </member>
        <member name="P:AcceptEmail.WebServices.ClientLibrary.AeApi.SendBatchRequestType.SenderBatchReferenceID">
            <remarks/>
        </member>
        <member name="P:AcceptEmail.WebServices.ClientLibrary.AeApi.SendBatchRequestType.EmailTemplateID">
            <remarks/>
        </member>
        <member name="P:AcceptEmail.WebServices.ClientLibrary.AeApi.SendBatchRequestType.ScheduleSendDate">
            <remarks/>
        </member>
        <member name="P:AcceptEmail.WebServices.ClientLibrary.AeApi.SendBatchRequestType.SenderDisplayName">
            <remarks/>
        </member>
        <member name="P:AcceptEmail.WebServices.ClientLibrary.AeApi.SendBatchRequestType.SenderEmailAddress">
            <remarks/>
        </member>
        <member name="P:AcceptEmail.WebServices.ClientLibrary.AeApi.SendBatchRequestType.TestMail">
            <remarks/>
        </member>
        <member name="P:AcceptEmail.WebServices.ClientLibrary.AeApi.SendBatchRequestType.StatusSetID">
            <remarks/>
        </member>
        <member name="P:AcceptEmail.WebServices.ClientLibrary.AeApi.SendBatchRequestType.StatusCutoffDate">
            <remarks/>
        </member>
        <member name="P:AcceptEmail.WebServices.ClientLibrary.AeApi.SendBatchRequestType.MessageStatusID">
            <remarks/>
        </member>
        <member name="T:AcceptEmail.WebServices.ClientLibrary.AeApi.MandateStatusDetails">
            <remarks/>
        </member>
        <member name="P:AcceptEmail.WebServices.ClientLibrary.AeApi.MandateStatusDetails.Id">
            <remarks/>
        </member>
        <member name="P:AcceptEmail.WebServices.ClientLibrary.AeApi.MandateStatusDetails.Status">
            <remarks/>
        </member>
        <member name="P:AcceptEmail.WebServices.ClientLibrary.AeApi.MandateStatusDetails.MandateStatusDateChanged">
            <remarks/>
        </member>
        <member name="T:AcceptEmail.WebServices.ClientLibrary.AeApi.MandatesStatusResponse">
            <remarks/>
        </member>
        <member name="P:AcceptEmail.WebServices.ClientLibrary.AeApi.MandatesStatusResponse.Mandates">
            <remarks/>
        </member>
        <member name="P:AcceptEmail.WebServices.ClientLibrary.AeApi.MandatesStatusResponse.TotalRecords">
            <remarks/>
        </member>
        <member name="T:AcceptEmail.WebServices.ClientLibrary.AeApi.MandateFullDetails">
            <remarks/>
        </member>
        <member name="P:AcceptEmail.WebServices.ClientLibrary.AeApi.MandateFullDetails.MandateReference">
            <remarks/>
        </member>
        <member name="P:AcceptEmail.WebServices.ClientLibrary.AeApi.MandateFullDetails.Xml">
            <remarks/>
        </member>
        <member name="T:AcceptEmail.WebServices.ClientLibrary.AeApi.MandatesFullResponse">
            <remarks/>
        </member>
        <member name="P:AcceptEmail.WebServices.ClientLibrary.AeApi.MandatesFullResponse.Mandates">
            <remarks/>
        </member>
        <member name="P:AcceptEmail.WebServices.ClientLibrary.AeApi.MandatesFullResponse.TotalRecords">
            <remarks/>
        </member>
        <member name="T:AcceptEmail.WebServices.ClientLibrary.AeApi.GetMandatesResponseType">
            <remarks/>
        </member>
        <member name="P:AcceptEmail.WebServices.ClientLibrary.AeApi.GetMandatesResponseType.FullResponse">
            <remarks/>
        </member>
        <member name="P:AcceptEmail.WebServices.ClientLibrary.AeApi.GetMandatesResponseType.StatusResponse">
            <remarks/>
        </member>
        <member name="P:AcceptEmail.WebServices.ClientLibrary.AeApi.GetMandatesResponseType.Error">
            <remarks/>
        </member>
        <member name="T:AcceptEmail.WebServices.ClientLibrary.AeApi.GetMandatesRequestType">
            <remarks/>
        </member>
        <member name="P:AcceptEmail.WebServices.ClientLibrary.AeApi.GetMandatesRequestType.ResultType">
            <remarks/>
        </member>
        <member name="P:AcceptEmail.WebServices.ClientLibrary.AeApi.GetMandatesRequestType.ValidityStartDate">
            <remarks/>
        </member>
        <member name="P:AcceptEmail.WebServices.ClientLibrary.AeApi.GetMandatesRequestType.ValidityEndDate">
            <remarks/>
        </member>
        <member name="P:AcceptEmail.WebServices.ClientLibrary.AeApi.GetMandatesRequestType.Status">
            <remarks/>
        </member>
        <member name="P:AcceptEmail.WebServices.ClientLibrary.AeApi.GetMandatesRequestType.StatusSpecified">
            <remarks/>
        </member>
        <member name="P:AcceptEmail.WebServices.ClientLibrary.AeApi.GetMandatesRequestType.IdListType">
            <remarks/>
        </member>
        <member name="P:AcceptEmail.WebServices.ClientLibrary.AeApi.GetMandatesRequestType.IdListTypeSpecified">
            <remarks/>
        </member>
        <member name="P:AcceptEmail.WebServices.ClientLibrary.AeApi.GetMandatesRequestType.IdList">
            <remarks/>
        </member>
        <member name="P:AcceptEmail.WebServices.ClientLibrary.AeApi.GetMandatesRequestType.StatusChangeType">
            <remarks/>
        </member>
        <member name="P:AcceptEmail.WebServices.ClientLibrary.AeApi.GetMandatesRequestType.StatusChangeTypeSpecified">
            <remarks/>
        </member>
        <member name="P:AcceptEmail.WebServices.ClientLibrary.AeApi.GetMandatesRequestType.StartStatusChangeDate">
            <remarks/>
        </member>
        <member name="P:AcceptEmail.WebServices.ClientLibrary.AeApi.GetMandatesRequestType.EndStatusChangeDate">
            <remarks/>
        </member>
        <member name="P:AcceptEmail.WebServices.ClientLibrary.AeApi.GetMandatesRequestType.Take">
            <remarks/>
        </member>
        <member name="P:AcceptEmail.WebServices.ClientLibrary.AeApi.GetMandatesRequestType.TakeSpecified">
            <remarks/>
        </member>
        <member name="P:AcceptEmail.WebServices.ClientLibrary.AeApi.GetMandatesRequestType.Skip">
            <remarks/>
        </member>
        <member name="P:AcceptEmail.WebServices.ClientLibrary.AeApi.GetMandatesRequestType.SkipSpecified">
            <remarks/>
        </member>
        <member name="T:AcceptEmail.WebServices.ClientLibrary.AeApi.GetMandatesRequestResultType">
            <remarks/>
        </member>
        <member name="F:AcceptEmail.WebServices.ClientLibrary.AeApi.GetMandatesRequestResultType.Status">
            <remarks/>
        </member>
        <member name="F:AcceptEmail.WebServices.ClientLibrary.AeApi.GetMandatesRequestResultType.Full">
            <remarks/>
        </member>
        <member name="T:AcceptEmail.WebServices.ClientLibrary.AeApi.GetMandatesRequestMandateStatusType">
            <remarks/>
        </member>
        <member name="F:AcceptEmail.WebServices.ClientLibrary.AeApi.GetMandatesRequestMandateStatusType.ToMandate">
            <remarks/>
        </member>
        <member name="F:AcceptEmail.WebServices.ClientLibrary.AeApi.GetMandatesRequestMandateStatusType.Mandated">
            <remarks/>
        </member>
        <member name="F:AcceptEmail.WebServices.ClientLibrary.AeApi.GetMandatesRequestMandateStatusType.Expired">
            <remarks/>
        </member>
        <member name="F:AcceptEmail.WebServices.ClientLibrary.AeApi.GetMandatesRequestMandateStatusType.Revoked">
            <remarks/>
        </member>
        <member name="T:AcceptEmail.WebServices.ClientLibrary.AeApi.GetMandatesRequestMandateIdListType">
            <remarks/>
        </member>
        <member name="F:AcceptEmail.WebServices.ClientLibrary.AeApi.GetMandatesRequestMandateIdListType.RecordReferenceIds">
            <remarks/>
        </member>
        <member name="F:AcceptEmail.WebServices.ClientLibrary.AeApi.GetMandatesRequestMandateIdListType.MandateIds">
            <remarks/>
        </member>
        <member name="F:AcceptEmail.WebServices.ClientLibrary.AeApi.GetMandatesRequestMandateIdListType.ReferenceIds">
            <remarks/>
        </member>
        <member name="T:AcceptEmail.WebServices.ClientLibrary.AeApi.GetMandatesStatusChangeType">
            <remarks/>
        </member>
        <member name="F:AcceptEmail.WebServices.ClientLibrary.AeApi.GetMandatesStatusChangeType.Mandated">
            <remarks/>
        </member>
        <member name="F:AcceptEmail.WebServices.ClientLibrary.AeApi.GetMandatesStatusChangeType.Expired">
            <remarks/>
        </member>
        <member name="F:AcceptEmail.WebServices.ClientLibrary.AeApi.GetMandatesStatusChangeType.Revoked">
            <remarks/>
        </member>
        <member name="F:AcceptEmail.WebServices.ClientLibrary.AeApi.GetMandatesStatusChangeType.Withdrawn">
            <remarks/>
        </member>
        <member name="T:AcceptEmail.WebServices.ClientLibrary.AeApi.BasicMandateRecordResponse">
            <remarks/>
        </member>
        <member name="P:AcceptEmail.WebServices.ClientLibrary.AeApi.BasicMandateRecordResponse.SenderRecordReferenceID">
            <remarks/>
        </member>
        <member name="P:AcceptEmail.WebServices.ClientLibrary.AeApi.BasicMandateRecordResponse.RecordATID">
            <remarks/>
        </member>
        <member name="P:AcceptEmail.WebServices.ClientLibrary.AeApi.BasicMandateRecordResponse.ImageURL">
            <remarks/>
        </member>
        <member name="P:AcceptEmail.WebServices.ClientLibrary.AeApi.BasicMandateRecordResponse.ImageURL2">
            <remarks/>
        </member>
        <member name="P:AcceptEmail.WebServices.ClientLibrary.AeApi.BasicMandateRecordResponse.TransactionURL">
            <remarks/>
        </member>
        <member name="T:AcceptEmail.WebServices.ClientLibrary.AeApi.BasicMandateBatchResponse">
            <remarks/>
        </member>
        <member name="P:AcceptEmail.WebServices.ClientLibrary.AeApi.BasicMandateBatchResponse.SenderBatchReferenceID">
            <remarks/>
        </member>
        <member name="P:AcceptEmail.WebServices.ClientLibrary.AeApi.BasicMandateBatchResponse.BatchID">
            <remarks/>
        </member>
        <member name="P:AcceptEmail.WebServices.ClientLibrary.AeApi.BasicMandateBatchResponse.Records">
            <remarks/>
        </member>
        <member name="T:AcceptEmail.WebServices.ClientLibrary.AeApi.CreateBasicMandateBatchResponseType">
            <remarks/>
        </member>
        <member name="P:AcceptEmail.WebServices.ClientLibrary.AeApi.CreateBasicMandateBatchResponseType.Response">
            <remarks/>
        </member>
        <member name="P:AcceptEmail.WebServices.ClientLibrary.AeApi.CreateBasicMandateBatchResponseType.Error">
            <remarks/>
        </member>
        <member name="T:AcceptEmail.WebServices.ClientLibrary.AeApi.BasicMandateRecordRequest">
            <remarks/>
        </member>
        <member name="P:AcceptEmail.WebServices.ClientLibrary.AeApi.BasicMandateRecordRequest.MandateReference">
            <remarks/>
        </member>
        <member name="P:AcceptEmail.WebServices.ClientLibrary.AeApi.BasicMandateRecordRequest.SenderRecordReferenceID">
            <remarks/>
        </member>
        <member name="P:AcceptEmail.WebServices.ClientLibrary.AeApi.BasicMandateRecordRequest.PaymentReference">
            <remarks/>
        </member>
        <member name="P:AcceptEmail.WebServices.ClientLibrary.AeApi.BasicMandateRecordRequest.Description">
            <remarks/>
        </member>
        <member name="P:AcceptEmail.WebServices.ClientLibrary.AeApi.BasicMandateRecordRequest.EmailAddress">
            <remarks/>
        </member>
        <member name="P:AcceptEmail.WebServices.ClientLibrary.AeApi.BasicMandateRecordRequest.CollectionAmount">
            <remarks/>
        </member>
        <member name="P:AcceptEmail.WebServices.ClientLibrary.AeApi.BasicMandateRecordRequest.CollectionAmountSpecified">
            <remarks/>
        </member>
        <member name="P:AcceptEmail.WebServices.ClientLibrary.AeApi.BasicMandateRecordRequest.MaximumAmount">
            <remarks/>
        </member>
        <member name="P:AcceptEmail.WebServices.ClientLibrary.AeApi.BasicMandateRecordRequest.MaximumAmountSpecified">
            <remarks/>
        </member>
        <member name="P:AcceptEmail.WebServices.ClientLibrary.AeApi.BasicMandateRecordRequest.AmountType">
            <remarks/>
        </member>
        <member name="P:AcceptEmail.WebServices.ClientLibrary.AeApi.BasicMandateRecordRequest.SequenceType">
            <remarks/>
        </member>
        <member name="P:AcceptEmail.WebServices.ClientLibrary.AeApi.BasicMandateRecordRequest.ToDate">
            <remarks/>
        </member>
        <member name="P:AcceptEmail.WebServices.ClientLibrary.AeApi.BasicMandateRecordRequest.EmailData">
            <remarks/>
        </member>
        <member name="P:AcceptEmail.WebServices.ClientLibrary.AeApi.BasicMandateRecordRequest.FirstInstallment">
            <remarks/>
        </member>
        <member name="P:AcceptEmail.WebServices.ClientLibrary.AeApi.BasicMandateRecordRequest.FirstInstallmentSpecified">
            <remarks/>
        </member>
        <member name="T:AcceptEmail.WebServices.ClientLibrary.AeApi.BasicMandateBatchValues">
            <remarks/>
        </member>
        <member name="P:AcceptEmail.WebServices.ClientLibrary.AeApi.BasicMandateBatchValues.AcceptEmailTemplateID">
            <remarks/>
        </member>
        <member name="T:AcceptEmail.WebServices.ClientLibrary.AeApi.CreateBasicMandateBatchRequestType">
            <remarks/>
        </member>
        <member name="P:AcceptEmail.WebServices.ClientLibrary.AeApi.CreateBasicMandateBatchRequestType.SenderBatchReferenceID">
            <remarks/>
        </member>
        <member name="P:AcceptEmail.WebServices.ClientLibrary.AeApi.CreateBasicMandateBatchRequestType.BasicMandateBatchValues">
            <remarks/>
        </member>
        <member name="P:AcceptEmail.WebServices.ClientLibrary.AeApi.CreateBasicMandateBatchRequestType.BasicMandateRecords">
            <remarks/>
        </member>
        <member name="T:AcceptEmail.WebServices.ClientLibrary.AeApi.CreateMandateBatchResponseType">
            <remarks/>
        </member>
        <member name="P:AcceptEmail.WebServices.ClientLibrary.AeApi.CreateMandateBatchResponseType.Response">
            <remarks/>
        </member>
        <member name="P:AcceptEmail.WebServices.ClientLibrary.AeApi.CreateMandateBatchResponseType.Error">
            <remarks/>
        </member>
        <member name="T:AcceptEmail.WebServices.ClientLibrary.AeApi.MandateRecordRequest">
            <remarks/>
        </member>
        <member name="P:AcceptEmail.WebServices.ClientLibrary.AeApi.MandateRecordRequest.SenderRecordReferenceID">
            <remarks/>
        </member>
        <member name="P:AcceptEmail.WebServices.ClientLibrary.AeApi.MandateRecordRequest.PaymentReference">
            <remarks/>
        </member>
        <member name="P:AcceptEmail.WebServices.ClientLibrary.AeApi.MandateRecordRequest.Description">
            <remarks/>
        </member>
        <member name="P:AcceptEmail.WebServices.ClientLibrary.AeApi.MandateRecordRequest.MandateInitiationRequest">
            <remarks/>
        </member>
        <member name="P:AcceptEmail.WebServices.ClientLibrary.AeApi.MandateRecordRequest.EmailData">
            <remarks/>
        </member>
        <member name="T:AcceptEmail.WebServices.ClientLibrary.AeApi.MandateBatchValues">
            <remarks/>
        </member>
        <member name="P:AcceptEmail.WebServices.ClientLibrary.AeApi.MandateBatchValues.AcceptEmailTemplateID">
            <remarks/>
        </member>
        <member name="T:AcceptEmail.WebServices.ClientLibrary.AeApi.CreateMandateBatchRequestType">
            <remarks/>
        </member>
        <member name="P:AcceptEmail.WebServices.ClientLibrary.AeApi.CreateMandateBatchRequestType.SenderBatchReferenceID">
            <remarks/>
        </member>
        <member name="P:AcceptEmail.WebServices.ClientLibrary.AeApi.CreateMandateBatchRequestType.MandateBatchValues">
            <remarks/>
        </member>
        <member name="P:AcceptEmail.WebServices.ClientLibrary.AeApi.CreateMandateBatchRequestType.MandateRecords">
            <remarks/>
        </member>
        <member name="T:AcceptEmail.WebServices.ClientLibrary.AeApi.CreateBatchResponseType">
            <remarks/>
        </member>
        <member name="P:AcceptEmail.WebServices.ClientLibrary.AeApi.CreateBatchResponseType.Response">
            <remarks/>
        </member>
        <member name="P:AcceptEmail.WebServices.ClientLibrary.AeApi.CreateBatchResponseType.Error">
            <remarks/>
        </member>
        <member name="T:AcceptEmail.WebServices.ClientLibrary.AeApi.RecordRequest">
            <remarks/>
        </member>
        <member name="P:AcceptEmail.WebServices.ClientLibrary.AeApi.RecordRequest.SenderRecordReferenceID">
            <remarks/>
        </member>
        <member name="P:AcceptEmail.WebServices.ClientLibrary.AeApi.RecordRequest.PaymentReference">
            <remarks/>
        </member>
        <member name="P:AcceptEmail.WebServices.ClientLibrary.AeApi.RecordRequest.EmailAddress">
            <remarks/>
        </member>
        <member name="P:AcceptEmail.WebServices.ClientLibrary.AeApi.RecordRequest.PhoneNumber">
            <remarks/>
        </member>
        <member name="P:AcceptEmail.WebServices.ClientLibrary.AeApi.RecordRequest.Description">
            <remarks/>
        </member>
        <member name="P:AcceptEmail.WebServices.ClientLibrary.AeApi.RecordRequest.Amount">
            <remarks/>
        </member>
        <member name="P:AcceptEmail.WebServices.ClientLibrary.AeApi.RecordRequest.Currency">
            <remarks/>
        </member>
        <member name="P:AcceptEmail.WebServices.ClientLibrary.AeApi.RecordRequest.DateTime">
            <remarks/>
        </member>
        <member name="P:AcceptEmail.WebServices.ClientLibrary.AeApi.RecordRequest.CountdownDays">
            <remarks/>
        </member>
        <member name="P:AcceptEmail.WebServices.ClientLibrary.AeApi.RecordRequest.EmailData">
            <remarks/>
        </member>
        <member name="P:AcceptEmail.WebServices.ClientLibrary.AeApi.RecordRequest.ReturnBannerPaidURL">
            <remarks/>
        </member>
        <member name="P:AcceptEmail.WebServices.ClientLibrary.AeApi.RecordRequest.ReturnBannerOpenURL">
            <remarks/>
        </member>
    </members>
</doc>
